ectoderm_head_croc	lightsteelblue1	lightskyblue1	gray80
ectoderm_head_Optix_Six4	lightsteelblue2	lightskyblue1	gray80
ectoderm_head_Optix_sog	lightsteelblue3	lightskyblue1	gray80
ectoderm_head_oc_toy	lightskyblue1	lightskyblue1	gray80
ectoderm_head_oc_CenG1A	lightskyblue3	lightskyblue1	gray80
ectoderm_head_oc_Oaz	skyblue1	lightskyblue1	gray80
ectoderm_head_Dfd_Oaz	skyblue2	lightskyblue1	gray80
ectoderm_head_kn	skyblue4	lightskyblue2	gray80
ectoderm_DE_PS0	deepskyblue1	skyblue2	gray80
ectoderm_lateral_NE_PS0	deepskyblue2	skyblue2	gray80
ectoderm_medial_NE_PS0	deepskyblue4	skyblue2	gray80
ectoderm_medial_DE_PS1	darkolivegreen1	skyblue3	lightskyblue1
ectoderm_intermediate_DE_PS1	darkolivegreen2	skyblue3	lightskyblue1
ectoderm_lateral_DE_PS1	olivedrab1	skyblue3	lightskyblue1
ectoderm_lateral_NE_PS1	olivedrab2	skyblue4	lightskyblue1
ectoderm_intermediate_NE_PS1	olivedrab3	skyblue4	lightskyblue1
ectoderm_medial_NE_PS1	olivedrab4	skyblue4	lightskyblue1
ectoderm_medial_DE_PS2	darkolivegreen1	blue2	skyblue3
ectoderm_intermediate_DE_PS2	darkolivegreen2	blue2	skyblue3
ectoderm_lateral_DE_PS2	olivedrab1	blue2	skyblue3
ectoderm_lateral_NE_PS2	olivedrab2	blue4	skyblue3
ectoderm_intermediate_NE_PS2	olivedrab3	blue4	skyblue3
ectoderm_medial_NE_PS2	olivedrab4	blue4	skyblue3
ectoderm_medial_DE_abdominal	darkolivegreen1	olivedrab1	olivedrab2
ectoderm_intermediate_DE_abdominal	darkolivegreen2	olivedrab1	olivedrab2
ectoderm_lateral_DE_abdominal	olivedrab1	olivedrab1	olivedrab2
ectoderm_lateral_NE_abdominal	olivedrab2	olivedrab3	olivedrab2
ectoderm_intermediate_NE_abdominal	olivedrab3	olivedrab3	olivedrab2
ectoderm_medial_NE_abdominal	olivedrab4	olivedrab3	olivedrab2
midline_cells	magenta1	magenta	gray80
ectoderm_PS14_dorsal	yellowgreen	olivedrab4	gray80
ectoderm_PS14_ventral	forestgreen	olivedrab4	gray80
ectoderm_PS14/hindgut_ventral	darkgreen	olivedrab4	gray80
ectoderm_PS14/hindgut_dorsal	green4	olivedrab4	gray80
amnioserosa_anterior	burlywood3	burlywood2	gray80
amnioserosa_trunk	burlywood4	burlywood2	gray80
ectoderm_hindgut_dorsal	goldenrod1	goldenrod1	gray80
ectoderm_hindgut_ventral	goldenrod3	goldenrod1	gray80
endoderm_antMG	coral1	coral1	gray80
endoderm_postMG_dorsal	coral3	coral3	gray80
endoderm_postMG_lateral	coral4	coral3	gray80
endoderm_postMG_ventral	darkred	coral3	gray80
mesoderm_head	pink1	pink1	gray80
mesoderm_gcm	pink2	pink2	gray80
mesoderm_gcm_Dfd	pink3	pink2	gray80
mesoderm_PS1_Dfd	plum1	plum3	plum2
mesoderm_PS2_ken	plum2	plum3	plum4
mesoderm_PS3	orchid1	plum3	plum2
mesoderm_PS4_and_PS6	deeppink1	plum3	plum4
mesoderm_PS5_and_abdominal_odd	orchid3	plum3	plum2
mesoderm_abdominal_even	deeppink3	plum3	plum4
mesoderm_PS13	orchid4	plum3	plum2
mesoderm_PS14	deeppink4	deeppink4	gray80
mesoderm_caudal_visceral	#3E0424	#3E0424	gray80
pole_cells	gray50	gray50	gray80