ectoderm_head_croc	lightsteelblue1	lightskyblue1	gray80
ectoderm_head_Optix	lightsteelblue3	lightskyblue1	gray80
ectoderm_head_oc_eya	lightskyblue1	lightskyblue1	gray80
ectoderm_head_oc_so	lightskyblue2	lightskyblue1	gray80
ectoderm_head_oc_CenG1A	lightskyblue3	lightskyblue1	gray80
ectoderm_head_kn	skyblue3	lightskyblue2	gray80
ectoderm_medial_DE_trunk	darkolivegreen1	olivedrab1	olivedrab2
ectoderm_intermediate_DE_trunk	darkolivegreen2	olivedrab1	olivedrab2
ectoderm_lateral_DE_trunk	olivedrab1	olivedrab1	olivedrab2
ectoderm_lateral_NE_trunk	olivedrab2	olivedrab3	olivedrab2
ectoderm_intermediate_NE_trunk	olivedrab3	olivedrab3	olivedrab2
ectoderm_medial_NE_trunk	olivedrab4	olivedrab3	olivedrab2
midline_cells	magenta1	magenta	gray80
ectoderm_PS14	forestgreen	olivedrab4	gray80
amnioserosa_anterior	burlywood1	burlywood2	gray80
amnioserosa_trunk	burlywood4	burlywood2	gray80
ectoderm_hindgut	goldenrod3	goldenrod1	gray80
endoderm_antMG_wg	coral1	coral1	gray80
endoderm_antMG_wntD	coral2	coral1	gray80
endoderm_postMG_dorsal	coral3	coral3	gray80
endoderm_postMG_ventral	darkred	coral3	gray80
mesoderm_gcm	pink2	pink2	gray80
mesoderm_PS1-3	plum1	plum3	plum2
mesoderm_PS4-6	deeppink1	plum3	plum4
mesoderm_abdominal	orchid3	plum3	plum2
mesoderm_PS13	orchid4	plum3	plum2
mesoderm_posterior	deeppink4	deeppink4	gray80
pole_cells	gray50	gray50	gray80